split,seed,model,accuracy,balanced_accuracy,f1,precision,recall,roc_auc
flow,0,DecisionTree,0.9940402060827227,0.99645049272362,0.9177071761830704,0.8486255495747216,0.9990325545397378,0.9983338409775242
flow,0,RandomForest,0.9987546218974156,0.9985384974970595,0.9815933412604043,0.9654301351920288,0.9983069704445412,0.9999806798730319
flow,0,XGBoost,0.9989782750708771,0.9987242336205557,0.9848510151012716,0.9716155149689324,0.9984520872635805,0.9999905489599651
group,0,DecisionTree,0.9940209677419355,0.9961045767567063,0.9166647932918194,0.8473463280827895,0.9983351287826854,0.9979580124359062
group,0,RandomForest,0.9987822580645161,0.9982115659685052,0.9818076672851257,0.9665069500450686,0.9976006267750466,0.9999734141596477
group,0,XGBoost,0.9991322580645161,0.9987236193030341,0.9869771494965144,0.9759214935375777,0.9982861619821761,0.9999845065759451
flow,42,DecisionTree,0.9938986127067183,0.9963772600851646,0.9159164486229988,0.845568065506653,0.9990325545397378,0.9981763028318367
flow,42,RandomForest,0.9987626669755977,0.9986594281795922,0.9817144215907739,0.9654382190627631,0.9985488318096067,0.9999848384433608
flow,42,XGBoost,0.9988286366166906,0.9987402558264662,0.9826740920557856,0.9672054345279925,0.998645576355633,0.9999895367510814
group,42,DecisionTree,0.9939036330592369,0.9955869027471735,0.9148719802942307,0.8449657705793956,0.9973885193397388,0.9974066425305935
group,42,RandomForest,0.9986680886667778,0.9973598325840742,0.9800480011636645,0.9646368235181827,0.9959595959595959,0.9999699666311943
group,42,XGBoost,0.99822627603741,0.9977264230191215,0.9736361012219763,0.9511679278093716,0.9971914264597191,0.999961078737113
flow,123,DecisionTree,0.9942252428809103,0.9966863181516553,0.9200792749459995,0.8524799867954114,0.9993227881778165,0.9983283050865767
flow,123,RandomForest,0.9986564719435943,0.9986045037007506,0.9801761591605137,0.962467362924282,0.9985488318096067,0.9999841036710899
flow,123,XGBoost,0.9990764250246984,0.999078598470662,0.986294828327205,0.9738318638313923,0.999080926812751,0.9999892452252618
group,123,DecisionTree,0.9937136121727328,0.9960431922708268,0.9137370226796774,0.8422111791038647,0.9985392218921946,0.9980797357159952
group,123,RandomForest,0.9986297233145109,0.9981394094402671,0.979818268770923,0.9626462434807123,0.9976140624239178,0.9999781899135733
group,123,XGBoost,0.9988667616984936,0.9984735754428804,0.9832581790271515,0.9688962420231624,0.9980522958562594,0.9999804827873711
flow,1024,DecisionTree,0.9948688491354759,0.9965754687797675,0.9282871213654456,0.8673726676752396,0.9984037149905675,0.9981493850798829
flow,1024,RandomForest,0.9984585630203154,0.9983153128652621,0.9773136307663162,0.9573184875898864,0.9981618536255019,0.9999821839160032
flow,1024,XGBoost,0.9985197056144992,0.998510413682082,0.978201118377405,0.9587106962054712,0.9985004595365936,0.999986702083149
group,1024,DecisionTree,0.9942379110375944,0.9961669053693376,0.9212014523049841,0.8552050988723647,0.9982354904859555,0.9980776154810955
group,1024,RandomForest,0.9987304417226087,0.9982154625417476,0.9814914729409557,0.9658356417359187,0.9976632171300491,0.9999825021479817
group,1024,XGBoost,0.9986194157135593,0.9983190957420368,0.9799119685334332,0.962470680218921,0.9979970432543278,0.999986500232077
flow,2024,DecisionTree,0.9941785814274543,0.9964286451941959,0.9194496393267433,0.8517510209132533,0.9988390654476854,0.9982375896342517
flow,2024,RandomForest,0.9985052244737714,0.998409508190689,0.9779883900011846,0.9584804012632361,0.9983069704445412,0.9999827634654681
flow,2024,XGBoost,0.9989573578676038,0.9986667072677357,0.98454419691838,0.9711099609466899,0.9983553427175543,0.9999871158227753
group,2024,DecisionTree,0.9937528326813478,0.9958257178353387,0.9130755641031375,0.8414392877751216,0.9980444879002689,0.9968312273467248
group,2024,RandomForest,0.9986612064892109,0.9977730044755936,0.9799822170956192,0.9637016731260043,0.9968222928379369,0.9999718986960698
group,2024,XGBoost,0.9987753173406707,0.9982570331394378,0.9816730001443071,0.9661506414808503,0.9977022732828159,0.9999824863398218
