seed,split,test_flows_with_session_in_train,test_attack_flows_with_session_in_train,test_attack_share
0,flow,0.5828948765724106,0.5790644802399265,
0,group,0.0,0.0,0.03293870967741935
42,flow,0.5821402482389324,0.5764040052242055,
42,group,0.0,0.0,0.032844642172229245
123,flow,0.5817090320483734,0.572630967929183,
123,group,0.0,0.0,0.03334285816337465
1024,flow,0.583063823214234,0.5738886470275238,
1024,group,0.0,0.0,0.033740643242860545
2024,flow,0.5830509510891427,0.57974169206211,
2024,group,0.0,0.0,0.03287517558606369
