experiment,variant,seed,accuracy,balanced_accuracy,f1,precision,recall,roc_auc
ablation,full_13,0,0.9989782750708771,0.9987242336205557,0.9848510151012716,0.9716155149689324,0.9984520872635805,0.9999905489599651
ablation,no_timeofday_11,0,0.9973209889653708,0.9973766459789004,0.9611933341102435,0.9274919035624325,0.9974362695303052,0.9998646387491406
ablation,full_13,42,0.9988286366166906,0.9987402558264662,0.9826740920557856,0.9672054345279925,0.998645576355633,0.9999895367510814
ablation,no_timeofday_11,42,0.9973676504188268,0.9973540715671614,0.9618398955028923,0.9287805757016082,0.997339524984279,0.9998447496194852
ablation,full_13,123,0.9990764250246984,0.999078598470662,0.986294828327205,0.9738318638313923,0.999080926812751,0.9999892452252618
ablation,no_timeofday_11,123,0.9982381278781267,0.9975473924340825,0.9741189817769269,0.9524403771491958,0.9968074299811348,0.9998496942065437
ablation,full_13,1024,0.9985197056144992,0.998510413682082,0.978201118377405,0.9587106962054712,0.9985004595365936,0.999986702083149
ablation,no_timeofday_11,1024,0.99732581601228,0.9972156649140881,0.9612479015109121,0.9278865631330182,0.9970976636192135,0.9996954484669955
ablation,full_13,2024,0.9989573578676038,0.9986667072677357,0.98454419691838,0.9711099609466899,0.9983553427175543,0.9999871158227753
ablation,no_timeofday_11,2024,0.9982719172064914,0.9973313289302911,0.9745907069177628,0.9537855985181755,0.9963237072510037,0.9998543664693588
