experiment,train_days,test_days,seed,n_test,test_attack_share,accuracy,balanced_accuracy,f1,precision,recall,roc_auc
chronological,3,3,0,1491556,0.028621117812539388,0.9298960280405161,0.5518411443468916,0.10965412714361132,0.08613816352739725,0.1508315764816116,0.8289049871200196
chronological,3,3,42,1491556,0.028621117812539388,0.9298960280405161,0.5518411443468916,0.10965412714361132,0.08613816352739725,0.1508315764816116,0.8289049871200196
chronological,3,3,123,1491556,0.028621117812539388,0.9298960280405161,0.5518411443468916,0.10965412714361132,0.08613816352739725,0.1508315764816116,0.8289049871200196
chronological,3,3,1024,1491556,0.028621117812539388,0.9298960280405161,0.5518411443468916,0.10965412714361132,0.08613816352739725,0.1508315764816116,0.8289049871200196
chronological,3,3,2024,1491556,0.028621117812539388,0.9298960280405161,0.5518411443468916,0.10965412714361132,0.08613816352739725,0.1508315764816116,0.8289049871200196
chronological,4,2,0,919858,0.005685660177983993,0.9996477717212874,0.9952602088522364,0.969685628742515,0.9494320263832906,0.9908221797323136,0.9999625431517317
chronological,4,2,42,919858,0.005685660177983993,0.9996477717212874,0.9952602088522364,0.969685628742515,0.9494320263832906,0.9908221797323136,0.9999625431517317
chronological,4,2,123,919858,0.005685660177983993,0.9996477717212874,0.9952602088522364,0.969685628742515,0.9494320263832906,0.9908221797323136,0.9999625431517317
chronological,4,2,1024,919858,0.005685660177983993,0.9996477717212874,0.9952602088522364,0.969685628742515,0.9494320263832906,0.9908221797323136,0.9999625431517317
chronological,4,2,2024,919858,0.005685660177983993,0.9996477717212874,0.9952602088522364,0.969685628742515,0.9494320263832906,0.9908221797323136,0.9999625431517317
chronological,5,1,0,397595,0.01312642261597857,0.9996478828959117,0.9958513604421952,0.9866590432628168,0.9814218009478674,0.9919524813182602,0.9999594161635899
chronological,5,1,42,397595,0.01312642261597857,0.9996478828959117,0.9958513604421952,0.9866590432628168,0.9814218009478674,0.9919524813182602,0.9999594161635899
chronological,5,1,123,397595,0.01312642261597857,0.9996478828959117,0.9958513604421952,0.9866590432628168,0.9814218009478674,0.9919524813182602,0.9999594161635899
chronological,5,1,1024,397595,0.01312642261597857,0.9996478828959117,0.9958513604421952,0.9866590432628168,0.9814218009478674,0.9919524813182602,0.9999594161635899
chronological,5,1,2024,397595,0.01312642261597857,0.9996478828959117,0.9958513604421952,0.9866590432628168,0.9814218009478674,0.9919524813182602,0.9999594161635899
