train_days,variant,seed,accuracy,balanced_accuracy,f1,precision,recall,roc_auc
3,full_13,0,0.9292886086744313,0.5456743536557973,0.10099047034555653,0.07938039341802004,0.13876786132583743,0.8031028897960817
3,no_timeofday_11,0,0.9703001429379788,0.5482784327127519,0.16244729727174756,0.42113518282521323,0.10063246661981728,0.5660932870967321
3,full_13,42,0.9307226815486647,0.5537443916886627,0.11280254831757806,0.08903617560552461,0.15387678613258374,0.8446175418005126
3,no_timeofday_11,42,0.9704449581510852,0.5567988385376705,0.18607485090747955,0.43928166681196057,0.11803701100960412,0.43855597560625276
3,full_13,123,0.9304705958073314,0.5601849039973437,0.12113456665621478,0.09489981543200861,0.16741625673459826,0.8614062905594119
3,no_timeofday_11,123,0.9737643105589062,0.5562567011701316,0.19834473716556725,0.7904964075767472,0.11339892246427735,0.4324043455266588
3,full_13,1024,0.9291163053884668,0.5452901151736902,0.10037184210750236,0.07881549583739794,0.138158819395643,0.7162612942259542
3,no_timeofday_11,1024,0.9708063257430496,0.5555639401604604,0.18414149741437458,0.4600262123197903,0.11510892480674631,0.29527986612624957
3,full_13,2024,0.926724172609007,0.5403189830052102,0.0924829573289713,0.07163345896093538,0.13045209650972125,0.7612127882284637
3,no_timeofday_11,2024,0.9739312503184594,0.5573315809598759,0.20221998809987896,0.8146801124152753,0.11543687046146639,0.49413693163485645
4,full_13,0,0.9995271009220988,0.9840780204230353,0.9588263132986276,0.9493908153701968,0.9684512428298279,0.9998717905444237
4,no_timeofday_11,0,0.9956765065912347,0.9733015410350492,0.7143165002514187,0.5720860660453343,0.9506692160611855,0.9961936905822126
4,full_13,42,0.9980431762293746,0.8570979465841156,0.8059089928833297,0.9240850642927795,0.7145315487571702,0.9996842986101628
4,no_timeofday_11,42,0.9952612251021353,0.9488535288157901,0.6839701297759733,0.5508583440383044,0.9019120458891013,0.9955092833571197
4,full_13,123,0.9996477717212874,0.9947849307316625,0.9696572391833677,0.9502569750367107,0.9898661567877629,0.9999097738895378
4,no_timeofday_11,123,0.9956406314887732,0.9808879508430016,0.7158849369420434,0.5686627645204863,0.9659655831739962,0.9963112359941702
4,full_13,1024,0.9996260292349471,0.9945838860766272,0.9678324293996634,0.947108345534407,0.9894837476099426,0.9999485156744206
4,no_timeofday_11,1024,0.9957178173152813,0.9868202131322784,0.7219594833062751,0.5722278169408079,0.9778202676864245,0.9964224425388011
4,full_13,2024,0.9995020970628076,0.9853011701187007,0.9568494441303939,0.9431649331352154,0.9709369024856597,0.9998410922348804
4,no_timeofday_11,2024,0.9946796135925328,0.8847787364027198,0.6231326043431388,0.5216606498194946,0.7736137667304015,0.9958548741307326
5,full_13,0,0.9994441579999749,0.9880912531419462,0.978776529338327,0.9811320754716981,0.9764322667177621,0.9998762087510971
5,no_timeofday_11,0,0.990276537682818,0.9548985628622257,0.7126505128586295,0.5821493624772314,0.9185667752442996,0.991934443026722
5,full_13,42,0.9995749443529219,0.9932621094329231,0.9838571019199541,0.9809523809523809,0.9867790764514275,0.9999463837067131
5,no_timeofday_11,42,0.991164375809555,0.9879610660370803,0.7452686534696541,0.599510032664489,0.9846713929871623,0.9947217284883487
5,full_13,123,0.9982972622895158,0.9443101936494565,0.9319939728779508,0.979518581081081,0.8888675991569266,0.9998606223467734
5,no_timeofday_11,123,0.9903746274475282,0.9601473829160422,0.7170425138632163,0.5837948470984831,0.9291051925656256,0.9959909651672314
5,full_13,1024,0.9991725248053924,0.9775553843964762,0.9680613532666731,0.9811097992916175,0.9553554320751102,0.9999326551404508
5,no_timeofday_11,1024,0.9902664771941297,0.9547989362046116,0.7123959571938169,0.5818866092023796,0.9183751676566392,0.9962120095629325
5,full_13,2024,0.9971126397464757,0.8983358412022945,0.8787238537925206,0.9792794914056981,0.7968959570799004,0.9998850706557423
5,no_timeofday_11,2024,0.9902916284158503,0.9550952676015978,0.7130538209931608,0.5825337058180493,0.9189499904196207,0.9929700179305276
