scenario,model,n_features,seed,accuracy,balanced_accuracy,f1,precision,recall,roc_auc
ip_included,DecisionTree,83,42,0.9999623184958486,0.9999630039297365,0.999904365705542,0.9998446035597739,0.9999641349958756,0.9999643769696097
ip_included,RandomForest,83,42,0.9999623184958486,0.9999404485679153,0.9999043599890014,0.9999043599890014,0.9999043599890014,0.9999937561660419
ip_included,XGBoost,83,42,0.9999811592479243,0.999976990892504,0.9999521808520176,0.9999342498505679,0.999970112496563,0.9999998998971186
ip_excluded,DecisionTree,81,42,0.985905939900356,0.9908903403449572,0.9654335891134145,0.933948716802539,0.9991153298982629,0.992795802283027
ip_excluded,RandomForest,81,42,0.9997197438128737,0.9996653519606111,0.9992888814523551,0.9990023298882849,0.9995755974511937,0.9999883312954958
ip_excluded,XGBoost,81,42,0.9999057962396214,0.9998984876796124,0.9997609299823685,0.9996354639766697,0.9998864274869391,0.9999948771167061
ip_and_time_excluded,DecisionTree,80,42,0.9832588142337172,0.9889668994954812,0.9591776377184041,0.922932403534268,0.9983860748143986,0.9916240235087093
ip_and_time_excluded,RandomForest,80,42,0.9987741735680734,0.9990472590184856,0.9968968076766003,0.994309228326604,0.9994978899422573,0.999978714914818
ip_and_time_excluded,XGBoost,80,42,0.9997020806078026,0.9997535973402002,0.9992442956267716,0.9986506898795771,0.9998386074814398,0.9999947839824578
