scenario,model,seed,accuracy,balanced_accuracy,f1,precision,recall,roc_auc
ip_included,XGBoost,0,0.9999835143419338,0.9999649241037345,0.9999581564947098,0.9999820666403644,0.9999342474924384,0.9999997275834194
ip_excluded,XGBoost,0,0.9999057962396214,0.9999007432157946,0.9997609314112219,0.9996294924045943,0.9998924049876265,0.999995835790256
ip_and_time_excluded,XGBoost,0,0.9996667541976607,0.9997203232344419,0.9991547369081292,0.9985016088303594,0.9998087199780028,0.9999903136612577
ip_included,XGBoost,42,0.9999811592479243,0.999976990892504,0.9999521808520176,0.9999342498505679,0.999970112496563,0.9999998998971186
ip_excluded,XGBoost,42,0.9999057962396214,0.9998984876796124,0.9997609299823685,0.9996354639766697,0.9998864274869391,0.9999948771167061
ip_and_time_excluded,XGBoost,42,0.9997020806078026,0.9997535973402002,0.9992442956267716,0.9986506898795771,0.9998386074814398,0.9999947839824578
ip_included,XGBoost,123,0.9999835143419338,0.9999784573208272,0.9999581579954093,0.999946203780081,0.999970112496563,0.99999972291575
ip_excluded,XGBoost,123,0.9998893105815552,0.9998814560728039,0.9997190994447731,0.9995697485419256,0.999868494984877,0.9999959734974597
ip_and_time_excluded,XGBoost,123,0.9996608664626371,0.9997234237721804,0.9991398311918714,0.998453952866455,0.9998266524800651,0.9999961454868325
ip_included,XGBoost,1024,0.999982336794929,0.9999754685704835,0.999955169146809,0.9999462034585199,0.9999641349958756,0.9999989067748537
ip_excluded,XGBoost,1024,0.9999046186926167,0.9998977544654508,0.9997579423305073,0.999629490190454,0.9998864274869391,0.9999965867064989
ip_and_time_excluded,XGBoost,1024,0.9997044357018121,0.9997528082323413,0.9992502606165785,0.9986685692791766,0.9998326299807524,0.9999947295964395
ip_included,XGBoost,2024,0.9999799817009195,0.9999672355336139,0.9999491910923018,0.9999521797086549,0.9999462024938133,0.9999994549871445
ip_excluded,XGBoost,2024,0.9999057962396214,0.9999029987519767,0.9997609328400581,0.99962352097526,0.999898382488314,0.999993097025383
ip_and_time_excluded,XGBoost,2024,0.9997115009838405,0.999761718589675,0.999268178301636,0.9986924358308406,0.9998445849821272,0.9999904176823519
